{
  "sampleId": 0,
  "timestamp": "2025-06-28T07:19:40.204Z",
  "features": [
    116.20000004768372,
    2193.5,
    144.89999997615814,
    100.09999990463257,
    117.79999995231628,
    135.19999992847443,
    670.8999999761581,
    160,
    128.20000004768372,
    96.5,
    45.89999997615814,
    69.10000002384186,
    92.80000007152557,
    81.5,
    157.39999997615814,
    187.60000002384186,
    759.8999999761581,
    510.89999997615814,
    31.799999952316284,
    31.700000047683716,
    50.60000002384186,
    -47.10000002384186,
    -2100.6999999284744,
    -63.39999997615814,
    57.300000071525574,
    69.80000007152557,
    624.7000000476837,
    -160,
    -128.20000004768372,
    -96.5,
    -45.89999997615814,
    4.584971873018842,
    -80.55999999523164,
    7,
    417.4433006007678
  ],
  "detailedFeatures": {
    "holdTimes": [
      116.20000004768372,
      2193.5,
      144.89999997615814,
      100.09999990463257,
      117.79999995231628,
      135.19999992847443,
      670.8999999761581,
      160,
      128.20000004768372,
      96.5,
      45.89999997615814,
      31.100000023841858,
      118.29999995231628,
      95,
      138.5,
      108,
      141,
      142.5,
      137.80000007152557,
      92.10000002384186,
      140.60000002384186,
      118.89999997615814,
      107.89999997615814,
      254.30000007152557,
      135.5
    ],
    "ddTimes": [
      69.10000002384186,
      92.80000007152557,
      81.5,
      157.39999997615814,
      187.60000002384186,
      759.8999999761581,
      510.89999997615814,
      31.799999952316284,
      31.700000047683716,
      50.60000002384186,
      14.799999952316284,
      126.20000004768372,
      53.299999952316284,
      118.10000002384186,
      40.10000002384186,
      164.79999995231628,
      86.5,
      122.39999997615814,
      147.60000002384186,
      109.10000002384186,
      187.60000002384186,
      187.10000002384186,
      117.59999990463257,
      19.600000023841858,
      188.60000002384186
    ],
    "udTimes": [
      -47.10000002384186,
      -2100.6999999284744,
      -63.39999997615814,
      57.300000071525574,
      69.80000007152557,
      624.7000000476837,
      -160,
      -128.20000004768372,
      -96.5,
      -45.89999997615814,
      -31.100000023841858,
      95.10000002384186,
      -65,
      23.100000023841858,
      -98.39999997615814,
      56.799999952316284,
      -54.5,
      -20.100000023841858,
      9.799999952316284,
      17,
      47,
      68.20000004768372,
      9.699999928474426,
      -234.70000004768372,
      53.10000002384186
    ],
    "typingSpeed": 4.584971873018842,
    "flightTime": -80.55999999523164,
    "errorRate": 7,
    "pressPressure": 417.4433006007678
  },
  "privacyMode": false
}