{
  "sampleId": 0,
  "timestamp": "2025-06-27T22:25:49.081Z",
  "features": [
    98,
    146.5,
    96.29999995231628,
    146.10000002384186,
    102.39999997615814,
    140.19999992847443,
    110.20000004768372,
    139.79999995231628,
    122.29999995231628,
    252.39999997615814,
    118.10000002384186,
    69.79999995231628,
    85.39999997615814,
    92.40000009536743,
    154.09999990463257,
    162.60000002384186,
    70.20000004768372,
    164.69999992847443,
    127.90000009536743,
    192.79999995231628,
    175.20000004768372,
    -28.200000047683716,
    85.39999997615814,
    -54.09999990463257,
    57.799999952316284,
    16.5,
    -32.199999928474426,
    24.5,
    17.700000047683716,
    53,
    52.90000009536743,
    8.677327383294214,
    10.853846164850088,
    0,
    41.631530084952004
  ],
  "detailedFeatures": {
    "holdTimes": [
      98,
      146.5,
      96.29999995231628,
      146.10000002384186,
      102.39999997615814,
      140.19999992847443,
      110.20000004768372,
      139.79999995231628,
      122.29999995231628,
      252.39999997615814,
      118.10000002384186
    ],
    "ddTimes": [
      69.79999995231628,
      85.39999997615814,
      92.40000009536743,
      154.09999990463257,
      162.60000002384186,
      70.20000004768372,
      164.69999992847443,
      127.90000009536743,
      192.79999995231628,
      175.20000004768372,
      101.5,
      37.09999990463257,
      179.70000004768372
    ],
    "udTimes": [
      -28.200000047683716,
      85.39999997615814,
      -54.09999990463257,
      57.799999952316284,
      16.5,
      -32.199999928474426,
      24.5,
      17.700000047683716,
      53,
      52.90000009536743,
      101.5,
      -215.30000007152557,
      61.60000002384186
    ],
    "typingSpeed": 8.677327383294214,
    "flightTime": 10.853846164850088,
    "errorRate": 0,
    "pressPressure": 41.631530084952004
  },
  "privacyMode": false
}