{
  "sampleId": 1,
  "timestamp": "2025-06-27T22:25:52.471Z",
  "features": [
    111.5,
    131.5,
    99.30000007152557,
    126.89999997615814,
    127.10000002384186,
    130,
    101.39999997615814,
    142.59999990463257,
    104.89999997615814,
    246.30000007152557,
    126.20000004768372,
    1747.5,
    74.20000004768372,
    94.10000002384186,
    69.79999995231628,
    156.20000004768372,
    65,
    144.69999992847443,
    94.40000009536743,
    123,
    184.29999995231628,
    1747.5,
    -37.299999952316284,
    94.10000002384186,
    -61.700000047683716,
    56.89999997615814,
    -61.89999997615814,
    17.59999990463257,
    -35.59999990463257,
    21.600000023841858,
    41.700000047683716,
    4.638505782567948,
    127.57857143027442,
    0,
    38.63981590254153
  ],
  "detailedFeatures": {
    "holdTimes": [
      111.5,
      131.5,
      99.30000007152557,
      126.89999997615814,
      127.10000002384186,
      130,
      101.39999997615814,
      142.59999990463257,
      104.89999997615814,
      246.30000007152557,
      126.20000004768372
    ],
    "ddTimes": [
      1747.5,
      74.20000004768372,
      94.10000002384186,
      69.79999995231628,
      156.20000004768372,
      65,
      144.69999992847443,
      94.40000009536743,
      123,
      184.29999995231628,
      168,
      95.29999995231628,
      42.200000047683716,
      175.10000002384186
    ],
    "udTimes": [
      1747.5,
      -37.299999952316284,
      94.10000002384186,
      -61.700000047683716,
      56.89999997615814,
      -61.89999997615814,
      17.59999990463257,
      -35.59999990463257,
      21.600000023841858,
      41.700000047683716,
      63.10000002384186,
      95.29999995231628,
      -204.10000002384186,
      48.89999997615814
    ],
    "typingSpeed": 4.638505782567948,
    "flightTime": 127.57857143027442,
    "errorRate": 0,
    "pressPressure": 38.63981590254153
  },
  "privacyMode": false
}