{
  "sampleId": 2,
  "timestamp": "2025-06-27T22:25:59.983Z",
  "features": [
    109.90000009536743,
    144.29999995231628,
    97.60000002384186,
    124.29999995231628,
    180.69999992847443,
    129.40000009536743,
    74,
    148.5,
    114.60000002384186,
    1509.8999999761581,
    201.10000002384186,
    53.200000047683716,
    98.20000004768372,
    59.299999952316284,
    169.10000002384186,
    59.60000002384186,
    151.09999990463257,
    143.40000009536743,
    94.29999995231628,
    192.60000002384186,
    179.5,
    -56.700000047683716,
    98.20000004768372,
    -85,
    71.5,
    -64.69999992847443,
    -29.600000023841858,
    14,
    20.299999952316284,
    44.10000002384186,
    64.89999997615814,
    4.413109035249047,
    -65.65609756330164,
    0,
    442.7489436883484
  ],
  "detailedFeatures": {
    "holdTimes": [
      109.90000009536743,
      144.29999995231628,
      97.60000002384186,
      124.29999995231628,
      180.69999992847443,
      129.40000009536743,
      74,
      148.5,
      114.60000002384186,
      1509.8999999761581,
      201.10000002384186,
      134.80000007152557,
      170.19999992847443,
      119.60000002384186,
      110.40000009536743,
      107.5,
      128.89999997615814,
      144.10000002384186,
      138.60000002384186,
      100.79999995231628,
      136.30000007152557,
      111.90000009536743,
      2595.5999999046326,
      228.89999997615814,
      145.89999997615814,
      171.69999992847443,
      115.29999995231628,
      151.5,
      85.89999997615814,
      146.39999997615814,
      139.29999995231628,
      136.79999995231628,
      274.39999997615814,
      149.80000007152557,
      104.30000007152557,
      100.70000004768372,
      467.39999997615814,
      121.80000007152557,
      144
    ],
    "ddTimes": [
      53.200000047683716,
      98.20000004768372,
      59.299999952316284,
      169.10000002384186,
      59.60000002384186,
      151.09999990463257,
      143.40000009536743,
      94.29999995231628,
      192.60000002384186,
      179.5,
      102.29999995231628,
      35.39999997615814,
      187.40000009536743,
      359.1999999284744,
      90.70000004768372,
      76.19999992847443,
      68.10000002384186,
      166.60000002384186,
      71.89999997615814,
      158.60000002384186,
      92.70000004768372,
      112.69999992847443,
      192.39999997615814,
      183.90000009536743,
      96.79999995231628,
      42.5,
      200.10000002384186,
      1174,
      86.10000002384186,
      87,
      100.39999997615814,
      156,
      119.60000002384186,
      104.29999995231628,
      154.39999997615814,
      413.39999997615814,
      265,
      191.20000004768372,
      112.20000004768372,
      52.59999990463257,
      227.20000004768372
    ],
    "udTimes": [
      -56.700000047683716,
      98.20000004768372,
      -85,
      71.5,
      -64.69999992847443,
      -29.600000023841858,
      14,
      20.299999952316284,
      44.10000002384186,
      64.89999997615814,
      -1407.6000000238419,
      -165.70000004768372,
      52.60000002384186,
      189,
      -28.899999976158142,
      76.19999992847443,
      -42.300000071525574,
      59.10000002384186,
      -57,
      14.5,
      -45.89999997615814,
      11.899999976158142,
      56.09999990463257,
      72,
      -2498.7999999523163,
      -186.39999997615814,
      54.200000047683716,
      1002.3000000715256,
      -29.199999928474426,
      87,
      -51.10000002384186,
      70.10000002384186,
      -26.799999952316284,
      -35,
      17.600000023841858,
      139,
      115.19999992847443,
      86.89999997615814,
      11.5,
      -414.8000000715256,
      105.39999997615814
    ],
    "typingSpeed": 4.413109035249047,
    "flightTime": -65.65609756330164,
    "errorRate": 0,
    "pressPressure": 442.7489436883484
  },
  "privacyMode": false
}