{
  "sampleId": 9,
  "timestamp": "2025-06-28T02:14:22.250Z",
  "features": [
    106.60000002384186,
    136.89999997615814,
    103.39999997615814,
    141.70000004768372,
    125.60000002384186,
    128,
    97.29999995231628,
    134.5,
    140.39999997615814,
    519.8999999761581,
    153.5,
    48,
    132.10000002384186,
    65.60000002384186,
    163.69999992847443,
    73.89999997615814,
    158,
    103.30000007152557,
    114.29999995231628,
    226.5,
    221.89999997615814,
    -58.60000002384186,
    132.10000002384186,
    -71.29999995231628,
    60.299999952316284,
    -67.80000007152557,
    32.39999997615814,
    -24.699999928474426,
    17,
    92,
    81.5,
    7.187596262625902,
    -3.9307692234332743,
    0,
    109.39322673064548
  ],
  "detailedFeatures": {
    "holdTimes": [
      106.60000002384186,
      136.89999997615814,
      103.39999997615814,
      141.70000004768372,
      125.60000002384186,
      128,
      97.29999995231628,
      134.5,
      140.39999997615814,
      519.8999999761581,
      153.5,
      160
    ],
    "ddTimes": [
      48,
      132.10000002384186,
      65.60000002384186,
      163.69999992847443,
      73.89999997615814,
      158,
      103.30000007152557,
      114.29999995231628,
      226.5,
      221.89999997615814,
      90.80000007152557,
      93,
      245.60000002384186
    ],
    "udTimes": [
      -58.60000002384186,
      132.10000002384186,
      -71.29999995231628,
      60.299999952316284,
      -67.80000007152557,
      32.39999997615814,
      -24.699999928474426,
      17,
      92,
      81.5,
      90.80000007152557,
      -426.89999997615814,
      92.10000002384186
    ],
    "typingSpeed": 7.187596262625902,
    "flightTime": -3.9307692234332743,
    "errorRate": 0,
    "pressPressure": 109.39322673064548
  },
  "privacyMode": false
}