{
  "sampleId": 5,
  "timestamp": "2025-06-28T02:14:02.017Z",
  "features": [
    108.60000002384186,
    3083.5,
    159,
    94.70000004768372,
    133.29999995231628,
    141.10000002384186,
    142.29999995231628,
    271.10000002384186,
    97.5,
    125.39999997615814,
    798.8999999761581,
    54.5,
    97.80000007152557,
    78.19999992847443,
    153.40000009536743,
    68.19999992847443,
    121.10000002384186,
    122.5,
    388.89999997615814,
    203.20000004768372,
    138.39999997615814,
    -54.10000002384186,
    -2985.6999999284744,
    -80.80000007152557,
    58.700000047683716,
    -65.10000002384186,
    -20,
    -19.799999952316284,
    117.79999995231628,
    105.70000004768372,
    13,
    3.6842428442046544,
    -101.92682926829268,
    0,
    537.2789319726094
  ],
  "detailedFeatures": {
    "holdTimes": [
      108.60000002384186,
      3083.5,
      159,
      94.70000004768372,
      133.29999995231628,
      141.10000002384186,
      142.29999995231628,
      271.10000002384186,
      97.5,
      125.39999997615814,
      798.8999999761581,
      132.79999995231628,
      160.10000002384186,
      120.39999997615814,
      103.79999995231628,
      96.5,
      135.5,
      89.89999997615814,
      113.39999997615814,
      131.90000009536743,
      100,
      93.29999995231628,
      111.5,
      108.39999997615814,
      1845.5,
      291.7000000476837,
      131.60000002384186,
      167.30000007152557,
      130.60000002384186,
      161,
      117.19999992847443,
      139.29999995231628,
      131.60000002384186,
      117.70000004768372,
      102.70000004768372,
      140.40000009536743,
      115.60000002384186,
      663.6999999284744,
      142.89999997615814,
      348.2000000476837
    ],
    "ddTimes": [
      54.5,
      97.80000007152557,
      78.19999992847443,
      153.40000009536743,
      68.19999992847443,
      121.10000002384186,
      122.5,
      388.89999997615814,
      203.20000004768372,
      138.39999997615814,
      81.5,
      245.60000002384186,
      485.10000002384186,
      740.5,
      62.59999990463257,
      110.10000002384186,
      66.60000002384186,
      151.60000002384186,
      72.19999992847443,
      148.5,
      112.80000007152557,
      117.29999995231628,
      205.20000004768372,
      195.5,
      64.79999995231628,
      89.60000002384186,
      213.39999997615814,
      554.5,
      99.5,
      60.89999997615814,
      110.90000009536743,
      164,
      77.59999990463257,
      157.60000002384186,
      150,
      124.89999997615814,
      211.80000007152557,
      198.29999995231628,
      82.70000004768372,
      70.39999997615814,
      220.5
    ],
    "udTimes": [
      -54.10000002384186,
      -2985.6999999284744,
      -80.80000007152557,
      58.700000047683716,
      -65.10000002384186,
      -20,
      -19.799999952316284,
      117.79999995231628,
      105.70000004768372,
      13,
      -717.3999999761581,
      112.80000007152557,
      325,
      620.1000000238419,
      -41.200000047683716,
      13.600000023841858,
      -68.89999997615814,
      61.700000047683716,
      -41.200000047683716,
      16.59999990463257,
      12.800000071525574,
      24,
      93.70000004768372,
      87.10000002384186,
      -1780.7000000476837,
      -202.10000002384186,
      81.79999995231628,
      387.1999999284744,
      -31.100000023841858,
      60.89999997615814,
      -50.09999990463257,
      46.800000071525574,
      -61.700000047683716,
      26,
      32.299999952316284,
      22.199999928474426,
      71.39999997615814,
      82.69999992847443,
      82.70000004768372,
      -593.2999999523163,
      77.60000002384186
    ],
    "typingSpeed": 3.6842428442046544,
    "flightTime": -101.92682926829268,
    "errorRate": 0,
    "pressPressure": 537.2789319726094
  },
  "privacyMode": false
}