{
  "sampleId": 1,
  "timestamp": "2025-06-28T02:13:41.605Z",
  "features": [
    98.69999992847443,
    149.70000004768372,
    85.10000002384186,
    104.90000009536743,
    125.5,
    126.70000004768372,
    79.60000002384186,
    127.10000002384186,
    104,
    102.60000002384186,
    749.2000000476837,
    47.799999952316284,
    97.39999997615814,
    90.10000002384186,
    166.29999995231628,
    62.5,
    140.5,
    105.30000007152557,
    97.89999997615814,
    189.5,
    197.5,
    -50.89999997615814,
    97.39999997615814,
    -59.60000002384186,
    81.19999992847443,
    -42.40000009536743,
    15,
    -21.399999976158142,
    18.299999952316284,
    62.39999997615814,
    93.5,
    6.477882656925163,
    -10.184615410291231,
    0,
    169.9643972545718
  ],
  "detailedFeatures": {
    "holdTimes": [
      98.69999992847443,
      149.70000004768372,
      85.10000002384186,
      104.90000009536743,
      125.5,
      126.70000004768372,
      79.60000002384186,
      127.10000002384186,
      104,
      102.60000002384186,
      749.2000000476837,
      158.30000007152557,
      149.79999995231628
    ],
    "ddTimes": [
      47.799999952316284,
      97.39999997615814,
      90.10000002384186,
      166.29999995231628,
      62.5,
      140.5,
      105.30000007152557,
      97.89999997615814,
      189.5,
      197.5,
      140.39999997615814,
      44,
      499.8000000715256
    ],
    "udTimes": [
      -50.89999997615814,
      97.39999997615814,
      -59.60000002384186,
      81.19999992847443,
      -42.40000009536743,
      15,
      -21.399999976158142,
      18.299999952316284,
      62.39999997615814,
      93.5,
      37.799999952316284,
      -705.2000000476837,
      341.5
    ],
    "typingSpeed": 6.477882656925163,
    "flightTime": -10.184615410291231,
    "errorRate": 0,
    "pressPressure": 169.9643972545718
  },
  "privacyMode": false
}