{
  "sampleId": 4,
  "timestamp": "2025-06-28T02:13:53.983Z",
  "features": [
    113.39999997615814,
    4002.9000000953674,
    150.10000002384186,
    108,
    123.39999997615814,
    126.30000007152557,
    143,
    79.89999997615814,
    85.79999995231628,
    100.40000009536743,
    118.39999997615814,
    63.799999952316284,
    100,
    71.40000009536743,
    161.19999992847443,
    67.89999997615814,
    150.40000009536743,
    114.69999992847443,
    98.70000004768372,
    99.19999992847443,
    194.90000009536743,
    -49.60000002384186,
    -3902.9000000953674,
    -78.69999992847443,
    53.199999928474426,
    -55.5,
    24.100000023841858,
    -28.300000071525574,
    18.800000071525574,
    13.399999976158142,
    94.5,
    2.7115474520501874,
    -186.90357143112593,
    0,
    936.3543683951694
  ],
  "detailedFeatures": {
    "holdTimes": [
      113.39999997615814,
      4002.9000000953674,
      150.10000002384186,
      108,
      123.39999997615814,
      126.30000007152557,
      143,
      79.89999997615814,
      85.79999995231628,
      100.40000009536743,
      118.39999997615814,
      3375.5999999046326,
      253,
      124.19999992847443,
      164.69999992847443,
      116.30000007152557,
      106.5,
      132.40000009536743,
      94.60000002384186,
      142.89999997615814,
      127.70000004768372,
      146.09999990463257,
      72.69999992847443,
      155,
      113.70000004768372,
      275.8000000715256,
      142.20000004768372
    ],
    "ddTimes": [
      63.799999952316284,
      100,
      71.40000009536743,
      161.19999992847443,
      67.89999997615814,
      150.40000009536743,
      114.69999992847443,
      98.70000004768372,
      99.19999992847443,
      194.90000009536743,
      194,
      83.79999995231628,
      81.60000002384186,
      185.10000002384186,
      2231.6999999284744,
      61.800000071525574,
      121.09999990463257,
      51.10000002384186,
      155.60000002384186,
      60,
      162.20000004768372,
      108.89999997615814,
      99.29999995231628,
      199.60000002384186,
      191.79999995231628,
      102.60000002384186,
      47.39999997615814,
      201.90000009536743
    ],
    "udTimes": [
      -49.60000002384186,
      -3902.9000000953674,
      -78.69999992847443,
      53.199999928474426,
      -55.5,
      24.100000023841858,
      -28.300000071525574,
      18.800000071525574,
      13.399999976158142,
      94.5,
      75.60000002384186,
      -3291.7999999523163,
      -171.39999997615814,
      60.90000009536743,
      2067,
      -54.5,
      14.599999904632568,
      -81.30000007152557,
      61,
      -82.89999997615814,
      34.5,
      -37.199999928474426,
      26.600000023841858,
      44.60000002384186,
      78.09999990463257,
      102.60000002384186,
      -228.40000009536743,
      59.700000047683716
    ],
    "typingSpeed": 2.7115474520501874,
    "flightTime": -186.90357143112593,
    "errorRate": 0,
    "pressPressure": 936.3543683951694
  },
  "privacyMode": false
}