{
  "sampleId": 3,
  "timestamp": "2025-06-28T02:13:47.951Z",
  "features": [
    107.19999992847443,
    106.79999995231628,
    130.29999995231628,
    77,
    136.39999997615814,
    146,
    154.89999997615814,
    91.80000007152557,
    140.60000002384186,
    120.69999992847443,
    295.10000002384186,
    49.60000002384186,
    118.5,
    68.09999990463257,
    128.30000007152557,
    96,
    111.89999997615814,
    127.29999995231628,
    112.80000007152557,
    201,
    201,
    -57.59999990463257,
    11.700000047683716,
    -62.200000047683716,
    51.300000071525574,
    -40.39999997615814,
    -34.10000002384186,
    -27.600000023841858,
    21,
    60.39999997615814,
    80.30000007152557,
    8.513743615432924,
    -7.18461537361145,
    0,
    52.570893941132915
  ],
  "detailedFeatures": {
    "holdTimes": [
      107.19999992847443,
      106.79999995231628,
      130.29999995231628,
      77,
      136.39999997615814,
      146,
      154.89999997615814,
      91.80000007152557,
      140.60000002384186,
      120.69999992847443,
      295.10000002384186,
      137.60000002384186
    ],
    "ddTimes": [
      49.60000002384186,
      118.5,
      68.09999990463257,
      128.30000007152557,
      96,
      111.89999997615814,
      127.29999995231628,
      112.80000007152557,
      201,
      201,
      74.89999997615814,
      65.60000002384186,
      196
    ],
    "udTimes": [
      -57.59999990463257,
      11.700000047683716,
      -62.200000047683716,
      51.300000071525574,
      -40.39999997615814,
      -34.10000002384186,
      -27.600000023841858,
      21,
      60.39999997615814,
      80.30000007152557,
      74.89999997615814,
      -229.5,
      58.39999997615814
    ],
    "typingSpeed": 8.513743615432924,
    "flightTime": -7.18461537361145,
    "errorRate": 0,
    "pressPressure": 52.570893941132915
  },
  "privacyMode": false
}