{
  "sampleId": 7,
  "timestamp": "2025-06-28T02:14:08.430Z",
  "features": [
    114.89999997615814,
    116.5,
    146.40000009536743,
    124,
    132.5,
    141.30000007152557,
    133.70000004768372,
    120.10000002384186,
    140.40000009536743,
    119.39999997615814,
    580.6000000238419,
    52.299999952316284,
    131.79999995231628,
    35.700000047683716,
    165.10000002384186,
    68.29999995231628,
    160.39999997615814,
    105.5,
    132,
    248.20000004768372,
    214.5,
    -62.60000002384186,
    15.299999952316284,
    -110.70000004768372,
    41.10000002384186,
    -64.20000004768372,
    19.09999990463257,
    -28.200000047683716,
    11.899999976158142,
    107.79999995231628,
    95.10000002384186,
    6.495615458630688,
    -19.61538464289445,
    0,
    120.2429685255594
  ],
  "detailedFeatures": {
    "holdTimes": [
      114.89999997615814,
      116.5,
      146.40000009536743,
      124,
      132.5,
      141.30000007152557,
      133.70000004768372,
      120.10000002384186,
      140.40000009536743,
      119.39999997615814,
      580.6000000238419,
      137,
      148.5
    ],
    "ddTimes": [
      52.299999952316284,
      131.79999995231628,
      35.700000047683716,
      165.10000002384186,
      68.29999995231628,
      160.39999997615814,
      105.5,
      132,
      248.20000004768372,
      214.5,
      68.39999997615814,
      128.10000002384186,
      241.5
    ],
    "udTimes": [
      -62.60000002384186,
      15.299999952316284,
      -110.70000004768372,
      41.10000002384186,
      -64.20000004768372,
      19.09999990463257,
      -28.200000047683716,
      11.899999976158142,
      107.79999995231628,
      95.10000002384186,
      68.39999997615814,
      -452.5,
      104.5
    ],
    "typingSpeed": 6.495615458630688,
    "flightTime": -19.61538464289445,
    "errorRate": 0,
    "pressPressure": 120.2429685255594
  },
  "privacyMode": false
}