{
  "sampleId": 2,
  "timestamp": "2025-06-28T02:13:45.715Z",
  "features": [
    159.60000002384186,
    113.80000007152557,
    1301.5,
    157.30000007152557,
    126.19999992847443,
    140.70000004768372,
    121.89999997615814,
    135,
    83.10000002384186,
    140.10000002384186,
    120.70000004768372,
    345.7999999523163,
    74.60000002384186,
    99.5,
    88.30000007152557,
    499.7999999523163,
    256.39999997615814,
    237.5,
    91.89999997615814,
    98.60000002384186,
    131.10000002384186,
    186.19999992847443,
    -39.200000047683716,
    -1202,
    -69,
    373.60000002384186,
    115.69999992847443,
    115.60000002384186,
    91.89999997615814,
    -36.39999997615814,
    48,
    5.654989113879103,
    -22.315789479958383,
    4,
    277.6172927662085
  ],
  "detailedFeatures": {
    "holdTimes": [
      159.60000002384186,
      113.80000007152557,
      1301.5,
      157.30000007152557,
      126.19999992847443,
      140.70000004768372,
      121.89999997615814,
      135,
      83.10000002384186,
      140.10000002384186,
      120.70000004768372,
      132,
      89.89999997615814,
      154.89999997615814,
      112.39999997615814,
      315.1999999284744,
      132.40000009536743
    ],
    "ddTimes": [
      345.7999999523163,
      74.60000002384186,
      99.5,
      88.30000007152557,
      499.7999999523163,
      256.39999997615814,
      237.5,
      91.89999997615814,
      98.60000002384186,
      131.10000002384186,
      112,
      78.29999995231628,
      147.40000009536743,
      121.69999992847443,
      196.60000002384186,
      184.20000004768372,
      77.39999997615814,
      67.19999992847443,
      204.40000009536743
    ],
    "udTimes": [
      186.19999992847443,
      -39.200000047683716,
      -1202,
      -69,
      373.60000002384186,
      115.69999992847443,
      115.60000002384186,
      91.89999997615814,
      -36.39999997615814,
      48,
      -28.100000023841858,
      -42.40000009536743,
      15.400000095367432,
      31.799999952316284,
      41.700000047683716,
      71.80000007152557,
      77.39999997615814,
      -248,
      72
    ],
    "typingSpeed": 5.654989113879103,
    "flightTime": -22.315789479958383,
    "errorRate": 4,
    "pressPressure": 277.6172927662085
  },
  "privacyMode": false
}