{
  "sampleId": 8,
  "timestamp": "2025-06-28T02:14:19.229Z",
  "features": [
    113.10000002384186,
    156.29999995231628,
    107.5,
    154.29999995231628,
    80,
    112.69999992847443,
    121.60000002384186,
    89.60000002384186,
    117.10000002384186,
    114.10000002384186,
    3207.899999976158,
    55.799999952316284,
    92.10000002384186,
    74.60000002384186,
    164.89999997615814,
    97.10000002384186,
    28.600000023841858,
    82.79999995231628,
    217.10000002384186,
    117.79999995231628,
    205.20000004768372,
    -57.300000071525574,
    92.10000002384186,
    -81.69999992847443,
    57.39999997615814,
    -57.199999928474426,
    -51.39999997615814,
    -29.899999976158142,
    95.5,
    28.199999928474426,
    88.10000002384186,
    2.2201254370818537,
    -242.14186046567073,
    0,
    1345.2995058761007
  ],
  "detailedFeatures": {
    "holdTimes": [
      113.10000002384186,
      156.29999995231628,
      107.5,
      154.29999995231628,
      80,
      112.69999992847443,
      121.60000002384186,
      89.60000002384186,
      117.10000002384186,
      114.10000002384186,
      3207.899999976158,
      473.5,
      139.59999990463257,
      7607.300000071526,
      104.5,
      160.29999995231628,
      109.10000002384186,
      134.5,
      144.5,
      134.10000002384186,
      78.09999990463257,
      153.59999990463257,
      128.60000002384186,
      3329,
      311.8000000715256,
      156,
      166.90000009536743,
      131.10000002384186,
      168.19999992847443,
      109.80000007152557,
      61.39999997615814,
      126,
      138.39999997615814,
      102.60000002384186,
      137.10000002384186,
      119.30000007152557,
      738.6000000238419,
      141,
      139.60000002384186
    ],
    "ddTimes": [
      55.799999952316284,
      92.10000002384186,
      74.60000002384186,
      164.89999997615814,
      97.10000002384186,
      28.600000023841858,
      82.79999995231628,
      217.10000002384186,
      117.79999995231628,
      205.20000004768372,
      207.29999995231628,
      108.5,
      107.30000007152557,
      240.19999992847443,
      1922.3999999761581,
      44.800000071525574,
      110.5,
      78.29999995231628,
      161.89999997615814,
      91.30000007152557,
      116.89999997615814,
      147.70000004768372,
      108,
      216.79999995231628,
      197.10000002384186,
      101.19999992847443,
      85.5,
      239,
      1007.9000000953674,
      951.7999999523163,
      101.70000004768372,
      101.5,
      93.69999992847443,
      208.60000002384186,
      74.29999995231628,
      95.80000007152557,
      165.39999997615814,
      118,
      224.79999995231628,
      210.5,
      108,
      137.60000002384186,
      246.70000004768372
    ],
    "udTimes": [
      -57.300000071525574,
      92.10000002384186,
      -81.69999992847443,
      57.39999997615814,
      -57.199999928474426,
      -51.39999997615814,
      -29.899999976158142,
      95.5,
      28.199999928474426,
      88.10000002384186,
      93.19999992847443,
      -3099.399999976158,
      -366.1999999284744,
      100.60000002384186,
      -5684.900000095367,
      -59.699999928474426,
      110.5,
      -82,
      52.799999952316284,
      -43.199999928474426,
      -27.600000023841858,
      13.600000023841858,
      29.90000009536743,
      63.200000047683716,
      68.5,
      -3227.8000000715256,
      -226.30000007152557,
      83,
      841,
      951.7999999523163,
      -29.399999976158142,
      101.5,
      -74.5,
      98.79999995231628,
      12.899999976158142,
      -30.199999928474426,
      27,
      15.399999976158142,
      87.69999992847443,
      91.19999992847443,
      108,
      -601,
      105.70000004768372
    ],
    "typingSpeed": 2.2201254370818537,
    "flightTime": -242.14186046567073,
    "errorRate": 0,
    "pressPressure": 1345.2995058761007
  },
  "privacyMode": false
}