{
  "sampleId": 0,
  "timestamp": "2025-06-28T02:13:38.630Z",
  "features": [
    82.39999997615814,
    140.69999992847443,
    91,
    124.39999997615814,
    128.39999997615814,
    127.70000004768372,
    74.19999992847443,
    147,
    106.20000004768372,
    324.7000000476837,
    123.80000007152557,
    56.799999952316284,
    77.60000002384186,
    102.60000002384186,
    153.29999995231628,
    56.200000047683716,
    145.09999990463257,
    96.90000009536743,
    112.69999992847443,
    217.39999997615814,
    169.80000007152557,
    -25.600000023841858,
    77.60000002384186,
    -38.09999990463257,
    62.299999952316284,
    -68.19999992847443,
    16.699999928474426,
    -30.799999952316284,
    38.5,
    70.39999997615814,
    63.60000002384186,
    8.94397240172905,
    7.292307688639714,
    0,
    64.46066904279559
  ],
  "detailedFeatures": {
    "holdTimes": [
      82.39999997615814,
      140.69999992847443,
      91,
      124.39999997615814,
      128.39999997615814,
      127.70000004768372,
      74.19999992847443,
      147,
      106.20000004768372,
      324.7000000476837,
      123.80000007152557
    ],
    "ddTimes": [
      56.799999952316284,
      77.60000002384186,
      102.60000002384186,
      153.29999995231628,
      56.200000047683716,
      145.09999990463257,
      96.90000009536743,
      112.69999992847443,
      217.39999997615814,
      169.80000007152557,
      91.29999995231628,
      44.89999997615814,
      240.70000004768372
    ],
    "udTimes": [
      -25.600000023841858,
      77.60000002384186,
      -38.09999990463257,
      62.299999952316284,
      -68.19999992847443,
      16.699999928474426,
      -30.799999952316284,
      38.5,
      70.39999997615814,
      63.60000002384186,
      91.29999995231628,
      -279.8000000715256,
      116.89999997615814
    ],
    "typingSpeed": 8.94397240172905,
    "flightTime": 7.292307688639714,
    "errorRate": 0,
    "pressPressure": 64.46066904279559
  },
  "privacyMode": false
}