{
  "sampleId": 6,
  "timestamp": "2025-06-28T02:14:05.690Z",
  "features": [
    104.40000009536743,
    153.10000002384186,
    107.5,
    60.10000002384186,
    128.30000007152557,
    135.29999995231628,
    110.69999992847443,
    121.10000002384186,
    122.79999995231628,
    563.0999999046326,
    134.20000004768372,
    59.300000071525574,
    111.5,
    67.5,
    188.39999997615814,
    77.39999997615814,
    104.60000002384186,
    141.10000002384186,
    133.39999997615814,
    204.60000002384186,
    204.60000002384186,
    -45.10000002384186,
    111.5,
    -85.60000002384186,
    80.89999997615814,
    17.299999952316284,
    -23.700000047683716,
    5.800000071525574,
    22.700000047683716,
    83.5,
    81.80000007152557,
    7.435734013360189,
    -0.6769230732550988,
    0,
    124.5573896890417
  ],
  "detailedFeatures": {
    "holdTimes": [
      104.40000009536743,
      153.10000002384186,
      107.5,
      60.10000002384186,
      128.30000007152557,
      135.29999995231628,
      110.69999992847443,
      121.10000002384186,
      122.79999995231628,
      563.0999999046326,
      134.20000004768372,
      142.19999992847443
    ],
    "ddTimes": [
      59.300000071525574,
      111.5,
      67.5,
      188.39999997615814,
      77.39999997615814,
      104.60000002384186,
      141.10000002384186,
      133.39999997615814,
      204.60000002384186,
      204.60000002384186,
      102,
      95.09999990463257,
      242.30000007152557
    ],
    "udTimes": [
      -45.10000002384186,
      111.5,
      -85.60000002384186,
      80.89999997615814,
      17.299999952316284,
      -23.700000047683716,
      5.800000071525574,
      22.700000047683716,
      83.5,
      81.80000007152557,
      102,
      -468,
      108.10000002384186
    ],
    "typingSpeed": 7.435734013360189,
    "flightTime": -0.6769230732550988,
    "errorRate": 0,
    "pressPressure": 124.5573896890417
  },
  "privacyMode": false
}