{
  "sampleId": 0,
  "timestamp": "2025-07-01T06:25:24.960Z",
  "features": [
    128.2999999821186,
    145.40000000596046,
    92.30000001192093,
    117.5,
    150.40000000596046,
    130.5,
    87.7000000178814,
    138.7000000178814,
    122,
    276.89999997615814,
    132.19999998807907,
    46675.60000002384,
    139.39999997615814,
    64.7000000178814,
    103.19999998807907,
    146.09999999403954,
    90.5,
    93.90000000596046,
    160.5,
    120.5,
    183,
    46675.60000002384,
    11.099999994039536,
    64.7000000178814,
    -42.20000001788139,
    53.79999998211861,
    -27,
    -56.5,
    30,
    32.79999998211861,
    44.29999998211861,
    0.31067285526986693,
    3340.028571428997,
    0,
    47.653719938700945
  ],
  "detailedFeatures": {
    "holdTimes": [
      128.2999999821186,
      145.40000000596046,
      92.30000001192093,
      117.5,
      150.40000000596046,
      130.5,
      87.7000000178814,
      138.7000000178814,
      122,
      276.89999997615814,
      132.19999998807907
    ],
    "ddTimes": [
      46675.60000002384,
      139.39999997615814,
      64.7000000178814,
      103.19999998807907,
      146.09999999403954,
      90.5,
      93.90000000596046,
      160.5,
      120.5,
      183,
      183,
      97.7000000178814,
      35.19999998807907,
      189
    ],
    "udTimes": [
      46675.60000002384,
      11.099999994039536,
      64.7000000178814,
      -42.20000001788139,
      53.79999998211861,
      -27,
      -56.5,
      30,
      32.79999998211861,
      44.29999998211861,
      61,
      97.7000000178814,
      -241.69999998807907,
      56.80000001192093
    ],
    "typingSpeed": 0.31067285526986693,
    "flightTime": 3340.028571428997,
    "errorRate": 0,
    "pressPressure": 47.653719938700945
  },
  "privacyMode": false
}