{
  "sampleId": 8,
  "timestamp": "2025-07-01T06:25:53.040Z",
  "features": [
    113,
    135.69999998807907,
    104.39999997615814,
    96.30000001192093,
    137.59999999403954,
    113.40000000596046,
    80.09999999403954,
    142.90000000596046,
    124,
    270.5,
    129.90000000596046,
    59.5,
    99.2000000178814,
    47,
    174.7999999821186,
    57,
    119.90000000596046,
    123.40000000596046,
    103,
    184.90000000596046,
    183.19999998807907,
    -53.5,
    99.2000000178814,
    -88.69999998807907,
    70.40000000596046,
    -39.30000001192093,
    -17.69999998807907,
    10,
    22.900000005960464,
    42,
    59.19999998807907,
    9.521218715957051,
    1.7384615402955275,
    0,
    47.52964277397128
  ],
  "detailedFeatures": {
    "holdTimes": [
      113,
      135.69999998807907,
      104.39999997615814,
      96.30000001192093,
      137.59999999403954,
      113.40000000596046,
      80.09999999403954,
      142.90000000596046,
      124,
      270.5,
      129.90000000596046
    ],
    "ddTimes": [
      59.5,
      99.2000000178814,
      47,
      174.7999999821186,
      57,
      119.90000000596046,
      123.40000000596046,
      103,
      184.90000000596046,
      183.19999998807907,
      97.19999998807907,
      44.20000001788139,
      177.09999999403954
    ],
    "udTimes": [
      -53.5,
      99.2000000178814,
      -88.69999998807907,
      70.40000000596046,
      -39.30000001192093,
      -17.69999998807907,
      10,
      22.900000005960464,
      42,
      59.19999998807907,
      97.19999998807907,
      -226.2999999821186,
      47.19999998807907
    ],
    "typingSpeed": 9.521218715957051,
    "flightTime": 1.7384615402955275,
    "errorRate": 0,
    "pressPressure": 47.52964277397128
  },
  "privacyMode": false
}