{
  "sampleId": 5,
  "timestamp": "2025-07-01T06:25:45.046Z",
  "features": [
    117.09999999403954,
    152.5,
    83.40000000596046,
    113.09999999403954,
    136.59999999403954,
    129.40000000596046,
    83.80000001192093,
    137.7999999821186,
    122,
    270.69999998807907,
    127.19999998807907,
    86.90000000596046,
    47.099999994039536,
    118.40000000596046,
    137.40000000596046,
    65.69999998807907,
    121.90000000596046,
    117.09999999403954,
    113.30000001192093,
    184.59999999403954,
    188.5,
    -30.19999998807907,
    47.099999994039536,
    -34.099999994039536,
    54,
    -47.400000005960464,
    -14.699999988079071,
    -12.300000011920929,
    29.5,
    46.80000001192093,
    66.5,
    9.337690922356224,
    1.9769230805910551,
    0,
    47.734631462887535
  ],
  "detailedFeatures": {
    "holdTimes": [
      117.09999999403954,
      152.5,
      83.40000000596046,
      113.09999999403954,
      136.59999999403954,
      129.40000000596046,
      83.80000001192093,
      137.7999999821186,
      122,
      270.69999998807907,
      127.19999998807907
    ],
    "ddTimes": [
      86.90000000596046,
      47.099999994039536,
      118.40000000596046,
      137.40000000596046,
      65.69999998807907,
      121.90000000596046,
      117.09999999403954,
      113.30000001192093,
      184.59999999403954,
      188.5,
      95.90000000596046,
      40.69999998807907,
      181.80000001192093
    ],
    "udTimes": [
      -30.19999998807907,
      47.099999994039536,
      -34.099999994039536,
      54,
      -47.400000005960464,
      -14.699999988079071,
      -12.300000011920929,
      29.5,
      46.80000001192093,
      66.5,
      95.90000000596046,
      -230,
      54.60000002384186
    ],
    "typingSpeed": 9.337690922356224,
    "flightTime": 1.9769230805910551,
    "errorRate": 0,
    "pressPressure": 47.734631462887535
  },
  "privacyMode": false
}