{
  "sampleId": 6,
  "timestamp": "2025-07-01T06:25:47.234Z",
  "features": [
    107.69999998807907,
    143.59999999403954,
    104.09999999403954,
    150.19999998807907,
    135.09999999403954,
    120,
    74.30000001192093,
    161.09999999403954,
    105.10000002384186,
    289.09999999403954,
    125.7000000178814,
    54,
    86.69999998807907,
    78.30000001192093,
    147.69999998807907,
    95.5,
    120.90000000596046,
    123.69999998807907,
    95.80000001192093,
    205.2999999821186,
    174.7000000178814,
    -53.69999998807907,
    86.69999998807907,
    -65.2999999821186,
    43.599999994039536,
    -54.69999998807907,
    -14.199999988079071,
    3.699999988079071,
    21.5,
    44.19999998807907,
    69.59999999403954,
    9.234828496042216,
    -0.24615384752933794,
    0,
    53.28803068644608
  ],
  "detailedFeatures": {
    "holdTimes": [
      107.69999998807907,
      143.59999999403954,
      104.09999999403954,
      150.19999998807907,
      135.09999999403954,
      120,
      74.30000001192093,
      161.09999999403954,
      105.10000002384186,
      289.09999999403954,
      125.7000000178814
    ],
    "ddTimes": [
      54,
      86.69999998807907,
      78.30000001192093,
      147.69999998807907,
      95.5,
      120.90000000596046,
      123.69999998807907,
      95.80000001192093,
      205.2999999821186,
      174.7000000178814,
      101.5,
      45.69999998807907,
      183
    ],
    "udTimes": [
      -53.69999998807907,
      86.69999998807907,
      -65.2999999821186,
      43.599999994039536,
      -54.69999998807907,
      -14.199999988079071,
      3.699999988079071,
      21.5,
      44.19999998807907,
      69.59999999403954,
      101.5,
      -243.40000000596046,
      57.29999998211861
    ],
    "typingSpeed": 9.234828496042216,
    "flightTime": -0.24615384752933794,
    "errorRate": 0,
    "pressPressure": 53.28803068644608
  },
  "privacyMode": false
}