{
  "sampleId": 1,
  "timestamp": "2025-07-01T06:25:36.137Z",
  "features": [
    122.2000000178814,
    129.40000000596046,
    111.30000001192093,
    125.7000000178814,
    138.10000002384186,
    89,
    126.2999999821186,
    149.39999997615814,
    149.09999999403954,
    257.40000000596046,
    115.39999997615814,
    91.90000000596046,
    69.90000000596046,
    551.6999999880791,
    243.40000000596046,
    95.40000000596046,
    67.69999998807907,
    92.60000002384186,
    143.59999999403954,
    72.90000000596046,
    120,
    -30.30000001192093,
    69.90000000596046,
    422.2999999821186,
    132.09999999403954,
    -30.30000001192093,
    67.69999998807907,
    -45.5,
    54.599999994039536,
    -53.39999997615814,
    -29.399999976158142,
    4.2434690359368785,
    -15.883870966972843,
    2,
    719.8064670333786
  ],
  "detailedFeatures": {
    "holdTimes": [
      122.2000000178814,
      129.40000000596046,
      111.30000001192093,
      125.7000000178814,
      138.10000002384186,
      89,
      126.2999999821186,
      149.39999997615814,
      149.09999999403954,
      257.40000000596046,
      115.39999997615814,
      97.2999999821186,
      3942.699999988079,
      240.5,
      129.5,
      169.7999999821186,
      161.90000000596046,
      128.60000002384186,
      97.40000000596046,
      115.90000000596046,
      137,
      122.39999997615814,
      80.19999998807907,
      125.30000001192093,
      108.90000000596046,
      251.30000001192093,
      119
    ],
    "ddTimes": [
      91.90000000596046,
      69.90000000596046,
      551.6999999880791,
      243.40000000596046,
      95.40000000596046,
      67.69999998807907,
      92.60000002384186,
      143.59999999403954,
      72.90000000596046,
      120,
      121.7999999821186,
      359.2000000178814,
      192.5,
      167.69999998807907,
      43.099999994039536,
      81.59999999403954,
      179.2000000178814,
      2542.5999999940395,
      346.30000001192093,
      90.89999997615814,
      91.30000001192093,
      152,
      75.90000000596046,
      109.40000000596046,
      150.19999998807907,
      114.19999998807907,
      190.7000000178814,
      181,
      89.2999999821186,
      46.10000002384186,
      174.5
    ],
    "udTimes": [
      -30.30000001192093,
      69.90000000596046,
      422.2999999821186,
      132.09999999403954,
      -30.30000001192093,
      67.69999998807907,
      -45.5,
      54.599999994039536,
      -53.39999997615814,
      -29.399999976158142,
      -27.30000001192093,
      101.80000001192093,
      77.10000002384186,
      70.40000000596046,
      -3899.5999999940395,
      -158.90000000596046,
      49.70000001788139,
      2372.800000011921,
      184.40000000596046,
      90.89999997615814,
      -37.30000001192093,
      54.599999994039536,
      -40,
      -27.599999994039536,
      27.80000001192093,
      34,
      65.40000000596046,
      72.09999999403954,
      89.2999999821186,
      -205.19999998807907,
      55.5
    ],
    "typingSpeed": 4.2434690359368785,
    "flightTime": -15.883870966972843,
    "errorRate": 2,
    "pressPressure": 719.8064670333786
  },
  "privacyMode": false
}