{
  "sampleId": 7,
  "timestamp": "2025-07-01T06:25:50.878Z",
  "features": [
    140.30000001192093,
    149.09999999403954,
    74.40000000596046,
    125,
    140.10000002384186,
    124.2999999821186,
    91.59999999403954,
    133.90000000596046,
    107.09999999403954,
    114.09999999403954,
    107.5,
    76.40000000596046,
    96.19999998807907,
    95.80000001192093,
    137.59999999403954,
    67.69999998807907,
    162.10000002384186,
    106.69999998807907,
    118.90000000596046,
    212.90000000596046,
    210.2999999821186,
    -63.900000005960464,
    96.19999998807907,
    -53.29999998211861,
    63.19999998807907,
    -57.30000001192093,
    22,
    -17.599999994039536,
    27.30000001192093,
    79,
    103.19999998807907,
    5.686866891771815,
    62.22000000079473,
    2,
    54.15910423328835
  ],
  "detailedFeatures": {
    "holdTimes": [
      140.30000001192093,
      149.09999999403954,
      74.40000000596046,
      125,
      140.10000002384186,
      124.2999999821186,
      91.59999999403954,
      133.90000000596046,
      107.09999999403954,
      114.09999999403954,
      107.5,
      129.09999999403954,
      316.59999999403954,
      127.09999999403954
    ],
    "ddTimes": [
      76.40000000596046,
      96.19999998807907,
      95.80000001192093,
      137.59999999403954,
      67.69999998807907,
      162.10000002384186,
      106.69999998807907,
      118.90000000596046,
      212.90000000596046,
      210.2999999821186,
      581.7000000178814,
      436,
      226.69999998807907,
      83.80000001192093,
      200.69999998807907
    ],
    "udTimes": [
      -63.900000005960464,
      96.19999998807907,
      -53.29999998211861,
      63.19999998807907,
      -57.30000001192093,
      22,
      -17.599999994039536,
      27.30000001192093,
      79,
      103.19999998807907,
      467.60000002384186,
      328.5,
      97.59999999403954,
      -232.7999999821186,
      73.59999999403954
    ],
    "typingSpeed": 5.686866891771815,
    "flightTime": 62.22000000079473,
    "errorRate": 2,
    "pressPressure": 54.15910423328835
  },
  "privacyMode": false
}