{
  "sampleId": 3,
  "timestamp": "2025-07-01T06:25:40.633Z",
  "features": [
    135.7999999821186,
    155.5,
    99.80000001192093,
    115.5,
    153.5,
    121.7000000178814,
    91.30000001192093,
    140.09999999403954,
    118.19999998807907,
    270.5,
    135.5,
    102.09999999403954,
    47.80000001192093,
    120.7999999821186,
    163.09999999403954,
    70.60000002384186,
    122.2999999821186,
    133.59999999403954,
    114.90000000596046,
    192.90000000596046,
    180.5,
    -33.69999998807907,
    47.80000001192093,
    -34.70000001788139,
    63.29999998211861,
    -44.89999997615814,
    -31.200000017881393,
    11.899999976158142,
    23.599999994039536,
    52.80000001192093,
    62.30000001192093,
    8.950262114887288,
    2.0615384601629696,
    0,
    45.61513450245039
  ],
  "detailedFeatures": {
    "holdTimes": [
      135.7999999821186,
      155.5,
      99.80000001192093,
      115.5,
      153.5,
      121.7000000178814,
      91.30000001192093,
      140.09999999403954,
      118.19999998807907,
      270.5,
      135.5
    ],
    "ddTimes": [
      102.09999999403954,
      47.80000001192093,
      120.7999999821186,
      163.09999999403954,
      70.60000002384186,
      122.2999999821186,
      133.59999999403954,
      114.90000000596046,
      192.90000000596046,
      180.5,
      90.19999998807907,
      46.70000001788139,
      178.69999998807907
    ],
    "udTimes": [
      -33.69999998807907,
      47.80000001192093,
      -34.70000001788139,
      63.29999998211861,
      -44.89999997615814,
      -31.200000017881393,
      11.899999976158142,
      23.599999994039536,
      52.80000001192093,
      62.30000001192093,
      90.19999998807907,
      -223.7999999821186,
      43.19999998807907
    ],
    "typingSpeed": 8.950262114887288,
    "flightTime": 2.0615384601629696,
    "errorRate": 0,
    "pressPressure": 45.61513450245039
  },
  "privacyMode": false
}