{
  "sampleId": 9,
  "timestamp": "2025-07-01T06:25:58.089Z",
  "features": [
    127.5,
    149.09999999403954,
    73.19999998807907,
    132.30000001192093,
    150.40000000596046,
    117,
    77.40000000596046,
    133.59999999403954,
    117.2000000178814,
    2316.4000000059605,
    220,
    97,
    54.900000005960464,
    108.90000000596046,
    119.59999999403954,
    78.80000001192093,
    127.5,
    135,
    92.90000000596046,
    209.7999999821186,
    190.90000000596046,
    -30.5,
    54.900000005960464,
    -40.19999998807907,
    46.400000005960464,
    -53.5,
    -22.900000005960464,
    18,
    15.5,
    76.19999998807907,
    73.69999998807907,
    5.229148769288306,
    -40.36666666578363,
    0,
    438.3964918863051
  ],
  "detailedFeatures": {
    "holdTimes": [
      127.5,
      149.09999999403954,
      73.19999998807907,
      132.30000001192093,
      150.40000000596046,
      117,
      77.40000000596046,
      133.59999999403954,
      117.2000000178814,
      2316.4000000059605,
      220,
      117.09999999403954,
      137.60000002384186,
      124.40000000596046,
      149.40000000596046,
      97.09999999403954,
      133.89999997615814,
      145.80000001192093,
      81.09999999403954,
      97.30000001192093,
      135.90000000596046,
      122.2999999821186,
      269.7999999821186,
      128.7999999821186
    ],
    "ddTimes": [
      97,
      54.900000005960464,
      108.90000000596046,
      119.59999999403954,
      78.80000001192093,
      127.5,
      135,
      92.90000000596046,
      209.7999999821186,
      190.90000000596046,
      90.69999998807907,
      53.70000001788139,
      186.7999999821186,
      1127.800000011921,
      95.80000001192093,
      71.39999997615814,
      120.90000000596046,
      133.7000000178814,
      74.39999997615814,
      159.40000000596046,
      104.5,
      107.80000001192093,
      189,
      189.7999999821186,
      102.10000002384186,
      52.5,
      189.09999999403954
    ],
    "udTimes": [
      -30.5,
      54.900000005960464,
      -40.19999998807907,
      46.400000005960464,
      -53.5,
      -22.900000005960464,
      18,
      15.5,
      76.19999998807907,
      73.69999998807907,
      -2225.7000000178814,
      -166.2999999821186,
      69.69999998807907,
      990.1999999880791,
      -28.599999994039536,
      71.39999997615814,
      -28.5,
      36.60000002384186,
      -59.5,
      13.599999994039536,
      23.400000005960464,
      10.5,
      53.099999994039536,
      67.5,
      102.10000002384186,
      -217.2999999821186,
      60.30000001192093
    ],
    "typingSpeed": 5.229148769288306,
    "flightTime": -40.36666666578363,
    "errorRate": 0,
    "pressPressure": 438.3964918863051
  },
  "privacyMode": false
}