{
  "sampleId": 4,
  "timestamp": "2025-07-01T06:25:42.768Z",
  "features": [
    108.80000001192093,
    133.90000000596046,
    90.40000000596046,
    118.60000002384186,
    169.90000000596046,
    141.5,
    83.09999999403954,
    139,
    115.2999999821186,
    102.19999998807907,
    246,
    59.80000001192093,
    88.89999997615814,
    84,
    158,
    78.90000000596046,
    127.2000000178814,
    107.19999998807907,
    113.69999998807907,
    198.60000002384186,
    180.5,
    -49,
    88.89999997615814,
    -49.900000005960464,
    67.59999999403954,
    -39.70000001788139,
    -42.69999998807907,
    -34.30000001192093,
    30.599999994039536,
    59.60000002384186,
    65.2000000178814,
    8.852355358669731,
    -5.1384615416710195,
    0,
    41.41445919741806
  ],
  "detailedFeatures": {
    "holdTimes": [
      108.80000001192093,
      133.90000000596046,
      90.40000000596046,
      118.60000002384186,
      169.90000000596046,
      141.5,
      83.09999999403954,
      139,
      115.2999999821186,
      102.19999998807907,
      246,
      132.80000001192093
    ],
    "ddTimes": [
      59.80000001192093,
      88.89999997615814,
      84,
      158,
      78.90000000596046,
      127.2000000178814,
      107.19999998807907,
      113.69999998807907,
      198.60000002384186,
      180.5,
      113.2999999821186,
      13.099999994039536,
      191.5
    ],
    "udTimes": [
      -49,
      88.89999997615814,
      -49.900000005960464,
      67.59999999403954,
      -39.70000001788139,
      -42.69999998807907,
      -34.30000001192093,
      30.599999994039536,
      59.60000002384186,
      65.2000000178814,
      11.099999994039536,
      -232.90000000596046,
      58.69999998807907
    ],
    "typingSpeed": 8.852355358669731,
    "flightTime": -5.1384615416710195,
    "errorRate": 0,
    "pressPressure": 41.41445919741806
  },
  "privacyMode": false
}