{
  "sampleId": 2,
  "timestamp": "2025-07-01T06:25:38.389Z",
  "features": [
    100.09999999403954,
    141.90000000596046,
    95.10000002384186,
    126.5,
    129.40000000596046,
    128.5,
    80,
    138.5,
    114.40000000596046,
    262.40000000596046,
    140.59999999403954,
    69.5,
    65,
    86.19999998807907,
    150.80000001192093,
    58.69999998807907,
    145.60000002384186,
    98.7999999821186,
    97.09999999403954,
    186.7000000178814,
    175.40000000596046,
    -30.599999994039536,
    65,
    -55.70000001788139,
    55.69999998807907,
    -67.80000001192093,
    16.200000017881393,
    -29.700000017881393,
    17.099999994039536,
    48.20000001788139,
    61,
    9.606147934442472,
    -1.1769230801325579,
    0,
    45.38518890445519
  ],
  "detailedFeatures": {
    "holdTimes": [
      100.09999999403954,
      141.90000000596046,
      95.10000002384186,
      126.5,
      129.40000000596046,
      128.5,
      80,
      138.5,
      114.40000000596046,
      262.40000000596046,
      140.59999999403954
    ],
    "ddTimes": [
      69.5,
      65,
      86.19999998807907,
      150.80000001192093,
      58.69999998807907,
      145.60000002384186,
      98.7999999821186,
      97.09999999403954,
      186.7000000178814,
      175.40000000596046,
      90.19999998807907,
      32.80000001192093,
      185.2999999821186
    ],
    "udTimes": [
      -30.599999994039536,
      65,
      -55.70000001788139,
      55.69999998807907,
      -67.80000001192093,
      16.200000017881393,
      -29.700000017881393,
      17.099999994039536,
      48.20000001788139,
      61,
      90.19999998807907,
      -229.59999999403954,
      44.69999998807907
    ],
    "typingSpeed": 9.606147934442472,
    "flightTime": -1.1769230801325579,
    "errorRate": 0,
    "pressPressure": 45.38518890445519
  },
  "privacyMode": false
}